csv,air_type,air_w,air_constraints,label,k,schedule,proof_bytes,prove_s,verify_ms,prove_elems_per_s,delta_size_pct,delta_prove_pct,delta_verify_pct,delta_throughput_pct
csv,fib_w2_d2,2,1,2power16,16,[2,2,2,2,2,2,2,2,2,2,2,2,2,2,2,2],1107024,0.287388,3.674,228040.372555,0.00,0.00,0.00,0.00
csv,fib_w2_d2,2,1,2power16,17,[2,2,2,2,2,2,2,2,2,2,2,2,2,2,2,2,2],1244480,0.575724,4.126,227664.529396,0.00,0.00,0.00,0.00
csv,fib_w2_d2,2,1,2power16,18,[2,2,2,2,2,2,2,2,2,2,2,2,2,2,2,2,4],1377632,1.152753,4.490,227406.928349,0.00,0.00,0.00,0.00
csv,fib_w2_d2,2,1,2power16,19,[2,2,2,2,2,2,2,2,2,2,2,2,2,2,2,2,8],1512608,2.324811,5.045,225518.527255,0.00,0.00,0.00,0.00
csv,fib_w2_d2,2,1,2power16,20,[2,2,2,2,2,2,2,2,2,2,2,2,2,2,2,2,16],1651232,4.677182,6.488,224189.673721,0.00,0.00,0.00,0.00
csv,fib_w2_d2,2,1,2power16,21,[2,2,2,2,2,2,2,2,2,2,2,2,2,2,2,2,32],1823072,9.430662,11.028,222375.911213,0.00,0.00,0.00,0.00
csv,fib_w2_d2,2,1,2power16,22,[2,2,2,2,2,2,2,2,2,2,2,2,2,2,2,2,64],2011232,19.125948,27.735,219299.140811,0.00,0.00,0.00,0.00
